성분명A,성분명B
aceclofenac,ketorolactromethamine
alfuzosinhydrochloride,cobicistatsilicondioxide
alfuzosinhydrochloride,elvitegravir
alfuzosinhydrochloride,emtricitabine
alfuzosinhydrochloride,tenofovirdisoproxilfumarate
alfuzosinhydrochloride,tenofoviralafenamidefumarate
amantadinesulfate,amiodaronehydrochloride
amiloridehydrochloride,potassiumchloride
amiloridehydrochloride,potassiumcitrate
amiloridehydrochloride,tacrolimushydrate
amiodaronehydrochloride,domperidone
amiodaronehydrochloride,domperidonemaleate
amiodaronehydrochloride,haloperidol
amiodaronehydrochloride,haloperidoldecanoate
amiodaronehydrochloride,hydroxyzinehydrochloride
amiodaronehydrochloride,nelfinavirmesylate
amiodaronehydrochloride,amisulpride
amiodaronehydrochloride,cobicistatsilicondioxide
amiodaronehydrochloride,elvitegravir
amiodaronehydrochloride,emtricitabine
amiodaronehydrochloride,tenofovirdisoproxilfumarate
amiodaronehydrochloride,daclatasvirhydrochloride
amiodaronehydrochloride,sofosbuvir
amiodaronehydrochloride,ledipasvir
amiodaronehydrochloride,tenofoviralafenamidefumarate
amitriptylinehydrochloride,amiodaronehydrochloride
amitriptylinehydrochloride,pimozide
amitriptylinehydrochloride,dronedarone
amoxapine,articainehydrochloride
amoxapine,epinephrinebitartrate
aspirin,ketorolactromethamine
aspirin,ketorolactromethamine
atorvastatincalcium,sodiumfusidate
atorvastatincalcium,posaconazole
atropinesulfate,oxatomide
azathioprine,febuxostat
azithromycin,domperidone
azithromycin,domperidonemaleate
azithromycin,haloperidol
azithromycin,haloperidoldecanoate
azithromycinhydrate,domperidone
azithromycinhydrate,domperidonemaleate
azithromycinhydrate,haloperidol
azithromycinhydrate,haloperidoldecanoate
bicalutamide,domperidone
bicalutamide,domperidonemaleate
bromocryptinemesylate,octreotideacetate
bromocryptinemesylate,amisulpride
calcifediol,alfacalcidol
calcifediol,calcitriol
calcitriol,alfacalcidol
carbamazepine,etravirine
carbamazepine,dabigatranetexilatemesylate
carbamazepine,rilpivirinehydrochloride
carbamazepine,cobicistatsilicondioxide
carbamazepine,elvitegravir
carbamazepine,emtricitabine
carbamazepine,tenofovirdisoproxilfumarate
carbamazepine,asunaprevir
carbamazepine,daclatasvirhydrochloride
carbamazepine,sofosbuvir
carbamazepine,ledipasvir
carbamazepine,palbociclib
carbamazepine,tenofoviralafenamidefumarate
carbamazepine,elbasvir
carbamazepine,grazoprevir
chlorpromazinehydrochloride,amantadinesulfate
chlorpromazinehydrochloride,domperidone
chlorpromazinehydrochloride,domperidonemaleate
chlorpromazinehydrochloride,haloperidol
chlorpromazinehydrochloride,haloperidoldecanoate
ciprofloxacinhydrochloride,domperidone
ciprofloxacinhydrochloride,domperidonemaleate
ciprofloxacinhydrochloride,ketoprofen
ciprofloxacinhydrochloride,tizanidinehydrochloride
ciprofloxacinhydrochloride,dexketoprofentrometamol
ciprofloxacinhydrochloride,agomelatine
ciprofloxacin,domperidone
ciprofloxacin,domperidonemaleate
ciprofloxacin,ketoprofen
ciprofloxacin,tizanidinehydrochloride
ciprofloxacin,dexketoprofentrometamol
ciprofloxacin,agomelatine
clarithromycin,domperidone
clarithromycin,domperidonemaleate
clarithromycin,haloperidol
clarithromycin,haloperidoldecanoate
clarithromycin,simvastatin
clarithromycin,caffeineanhydrous
clarithromycin,ergotaminetartrate
clarithromycin,ezetimibe
clarithromycin,silodosin
clarithromycin,ivabradinehydrochloride
clarithromycin,ticagrelor
clarithromycin,tolvaptanSDpowder
clarithromycin,tolvaptan
clarithromycin,trastuzumabemtansine
clarithromycin,fenofibrate
clarithromycin,asunaprevir
clarithromycin,palbociclib
clindamycinhydrochloride,erythromycin
clindamycinphosphate,erythromycin
clomipraminehydrochloride,sumatriptansuccinate
colchicine,clarithromycin
cyclobenzaprinehydrochloride,selegilinehydrochloride
cyclobenzaprinehydrochloride,rasagilinemesylate
cyclosporine,atorvastatincalcium
cyclosporine,lovastatin
cyclosporine,simvastatin
cyclosporine,rosuvastatincalcium
cyclosporine,pitavastatincalcium
cyclosporine,atorvastatinstrontiumpentahydrate
cyclosporine,dabigatranetexilatemesylate
cyclosporine,asunaprevir
cyclosporine,elbasvir
cyclosporine,grazoprevir
dexamethasone,asunaprevir
dexamethasone,daclatasvirhydrochloride
dexamethasonepalmitate,asunaprevir
dexamethasonepalmitate,daclatasvirhydrochloride
dexamethasonedisodiumphosphate,asunaprevir
dexamethasonedisodiumphosphate,daclatasvirhydrochloride
dexibuprofen,ketorolactromethamine
dexibuprofen,ketorolactromethamine
diclofenacpotassium,ketorolactromethamine
diclofenacsodium,ketorolactromethamine
diclofenac-β-dimethyl-aminoethanol,ketorolactromethamine
diltiazemhydrochloride,asunaprevir
diphenylhydantoinsodium,etravirine
diphenylhydantoinsodium,dabigatranetexilatemesylate
diphenylhydantoinsodium,rilpivirinehydrochloride
diphenylhydantoinsodium,cobicistatsilicondioxide
diphenylhydantoinsodium,elvitegravir
diphenylhydantoinsodium,emtricitabine
diphenylhydantoinsodium,tenofovirdisoproxilfumarate
diphenylhydantoinsodium,asunaprevir
diphenylhydantoinsodium,daclatasvirhydrochloride
diphenylhydantoinsodium,sofosbuvir
diphenylhydantoinsodium,ledipasvir
diphenylhydantoinsodium,palbociclib
diphenylhydantoinsodium,tenofoviralafenamidefumarate
diphenylhydantoinsodium,elbasvir
diphenylhydantoinsodium,grazoprevir
phenytoinsodium,etravirine
phenytoinsodium,dabigatranetexilatemesylate
phenytoinsodium,rilpivirinehydrochloride
phenytoinsodium,cobicistatsilicondioxide
phenytoinsodium,elvitegravir
phenytoinsodium,emtricitabine
phenytoinsodium,tenofovirdisoproxilfumarate
phenytoinsodium,asunaprevir
phenytoinsodium,daclatasvirhydrochloride
phenytoinsodium,sofosbuvir
phenytoinsodium,ledipasvir
phenytoinsodium,palbociclib
phenytoinsodium,tenofoviralafenamidefumarate
phenytoinsodium,elbasvir
phenytoinsodium,grazoprevir
divalproexsodium,doripenemmonohydrate
divalproexsodiumparticle,doripenemmonohydrate
doxycyclinehydrate,acitretin
doxycyclinehydrate,tretinoin
doxycyclinehyclatehydrate,acitretin
doxycyclinehyclatehydrate,tretinoin
doxycyclinehyclatehydrate,acitretin
doxycyclinehyclatehydrate,tretinoin
St.John'sWort50%ethanolext.,voriconazole
St.John'sWort50%ethanolext.,etravirine
St.John'sWort50%ethanolext.,dabigatranetexilatemesylate
St.John'sWort50%ethanolext.,rilpivirinehydrochloride
St.John'sWort50%ethanolext.,cobicistatsilicondioxide
St.John'sWort50%ethanolext.,elvitegravir
St.John'sWort50%ethanolext.,emtricitabine
St.John'sWort50%ethanolext.,tenofovirdisoproxilfumarate
St.John'sWort50%ethanolext.,rasagilinemesylate
St.John'sWort50%ethanolext.,asunaprevir
St.John'sWort50%ethanolext.,daclatasvirhydrochloride
St.John'sWort50%ethanolext.,sofosbuvir
St.John'sWort50%ethanolext.,ledipasvir
St.John'sWort50%ethanolext.,palbociclib
St.John'sWort50%ethanolext.,tenofoviralafenamidefumarate
St.John'sWort50%ethanolext.,elbasvir
St.John'sWort50%ethanolext.,grazoprevir
ebastine,domperidone
ebastine,domperidonemaleate
efavirenz,St.John'sWort50%ethanolext.
efavirenz,St.John'sWort80%methanolext.
efavirenz,asunaprevir
efavirenz,elbasvir
efavirenz,grazoprevir
epinephrinehydrochloride,chlorpromazinehydrochloride
epinephrinehydrochloride,clenbuterolhydrochloride
epinephrinehydrochloride,ephedrinehydrochloride
epinephrinehydrochloride,fenoterolhydrobromide
epinephrinehydrochloride,formoterolfumaratehydrate
epinephrinehydrochloride,haloperidol
epinephrinehydrochloride,haloperidoldecanoate
epinephrinehydrochloride,isoproterenolhydrochloride
epinephrinehydrochloride,olanzapine
epinephrinehydrochloride,perphenazine
epinephrinehydrochloride,procaterolhydrochloride
epinephrinehydrochloride,risperidone
epinephrinehydrochloride,risperidoneextendedreleasemicrospheres
epinephrinehydrochloride,salbutamolsulfate
epinephrinehydrochloride,quetiapinefumarate
epinephrinehydrochloride,tulobuterolhydrochloride
epinephrinehydrochloride,tulobuterol
erythromycin,domperidone
erythromycin,domperidonemaleate
erythromycin,fluconazole
erythromycin,haloperidol
erythromycin,haloperidoldecanoate
erythromycin,hydroxyzinehydrochloride
erythromycin,simvastatin
erythromycin,triazolam
erythromycin,caffeineanhydrous
erythromycin,ergotaminetartrate
erythromycin,ezetimibe
erythromycin,ivabradinehydrochloride
erythromycin,asunaprevir
estrogen,anastrozole
ethylestersoftheiodisedfattyacidsofpoppyseedoil,metforminhydrochloride
ethylestersoftheiodisedfattyacidsofpoppyseedoil,glibenclamide
ethylestersoftheiodisedfattyacidsofpoppyseedoil,glimepiride
ethylestersoftheiodisedfattyacidsofpoppyseedoil,gliclazide
ethylestersoftheiodisedfattyacidsofpoppyseedoil,pioglitazonehydrochloride
ethylestersoftheiodisedfattyacidsofpoppyseedoil,sitagliptinphosphatehydrate
ethylestersoftheiodisedfattyacidsofpoppyseedoil,vildagliptin
etodolac,ketorolactromethamine
felodipine,itraconazole
flecainideacetate,ritonavir
flecainideacetate,asunaprevir
fluconazole,domperidone
fluconazole,domperidonemaleate
fluconazole,pimozide
fluconazole,asunaprevir
fluoxetinehydrochloride,pimozide
fluoxetinehydrochloride,selegilinehydrochloride
fluvoxaminemaleate,pimozide
fluvoxaminemaleate,duloxetinehydrochloride
fluvoxaminemaleate,agomelatine
furosemide,gentamicinsulfate
furosemide,netilmicinsulfate
gemfibrozil,repaglinide
gemfibrozil,asunaprevir
granisetronhydrochloride,domperidone
granisetronhydrochloride,domperidonemaleate
haloperidol,domperidone
haloperidol,domperidonemaleate
haloperidol,hydroxyzinehydrochloride
haloperidoldecanoate,domperidone
haloperidoldecanoate,domperidonemaleate
haloperidoldecanoate,hydroxyzinehydrochloride
St.John'sWort80%methanolext.,voriconazole
St.John'sWort80%methanolext.,etravirine
St.John'sWort80%methanolext.,dabigatranetexilatemesylate
St.John'sWort80%methanolext.,rilpivirinehydrochloride
St.John'sWort80%methanolext.,cobicistatsilicondioxide
St.John'sWort80%methanolext.,elvitegravir
St.John'sWort80%methanolext.,emtricitabine
St.John'sWort80%methanolext.,tenofovirdisoproxilfumarate
St.John'sWort80%methanolext.,rasagilinemesylate
St.John'sWort80%methanolext.,asunaprevir
St.John'sWort80%methanolext.,daclatasvirhydrochloride
St.John'sWort80%methanolext.,sofosbuvir
St.John'sWort80%methanolext.,ledipasvir
St.John'sWort80%methanolext.,palbociclib
St.John'sWort80%methanolext.,tenofoviralafenamidefumarate
St.John'sWort80%methanolext.,elbasvir
St.John'sWort80%methanolext.,grazoprevir
ibuprofen,ketorolactromethamine
imipraminehydrochloride,amiodaronehydrochloride
imipraminehydrochloride,pimozide
imipraminehydrochloride,dronedarone
iobitridol,glibenclamide
iobitridol,metforminhydrochloride
iobitridol,glimepiride
iobitridol,gliclazide
iobitridol,pioglitazonehydrochloride
iobitridol,sitagliptinphosphatehydrate
iobitridol,vildagliptin
iodixanol,glibenclamide
iodixanol,metforminhydrochloride
iodixanol,glimepiride
iodixanol,gliclazide
iodixanol,pioglitazonehydrochloride
iodixanol,sitagliptinphosphatehydrate
iodixanol,vildagliptin
iohexol,glibenclamide
iohexol,metforminhydrochloride
iohexol,glimepiride
iohexol,gliclazide
iohexol,pioglitazonehydrochloride
iohexol,sitagliptinphosphatehydrate
iohexol,vildagliptin
iomeprol,glibenclamide
iomeprol,metforminhydrochloride
iomeprol,glimepiride
iomeprol,gliclazide
iomeprol,pioglitazonehydrochloride
iomeprol,sitagliptinphosphatehydrate
iomeprol,vildagliptin
iopamidol,glibenclamide
iopamidol,metforminhydrochloride
iopamidol,glimepiride
iopamidol,gliclazide
iopamidol,pioglitazonehydrochloride
iopamidol,sitagliptinphosphatehydrate
iopamidol,vildagliptin
iopromide,glibenclamide
iopromide,metforminhydrochloride
iopromide,glimepiride
iopromide,gliclazide
iopromide,pioglitazonehydrochloride
iopromide,sitagliptinphosphatehydrate
iopromide,vildagliptin
ioversol,glibenclamide
ioversol,metforminhydrochloride
ioversol,glimepiride
ioversol,gliclazide
ioversol,pioglitazonehydrochloride
ioversol,sitagliptinphosphatehydrate
ioversol,vildagliptin
irinotecanhydrochloride,itraconazole
irinotecanhydrochloride,atazanavirsulfate
isoproterenolhydrochloride,norepinephrinebitartrate
isotretinoin,doxycyclinehydrate
isotretinoin,doxycyclinehyclatehydrate
isotretinoin,doxycyclinehyclatehydrate
itraconazole,alprazolam
itraconazole,atorvastatincalcium
itraconazole,domperidone
itraconazole,domperidonemaleate
itraconazole,caffeineanhydrous
itraconazole,ergotaminetartrate
itraconazole,nisoldipine
itraconazole,ezetimibe
itraconazole,simvastatin
itraconazole,atorvastatinstrontiumpentahydrate
itraconazole,silodosin
itraconazole,rivaroxaban
itraconazole,ivabradinehydrochloride
itraconazole,dabigatranetexilatemesylate
itraconazole,tolvaptanSDpowder
itraconazole,tolvaptan
itraconazole,trastuzumabemtansine
itraconazole,asunaprevir
itraconazole,palbociclib
ketoprofen,ketorolactromethamine
lansoprazole,rilpivirinehydrochloride
lansoprazolegranule,rilpivirinehydrochloride
lercanidipinehydrochloride,itraconazole
levofloxacinhydrate,domperidone
levofloxacinhydrate,domperidonemaleate
levofloxacinhydrate,haloperidol
levofloxacinhydrate,haloperidoldecanoate
levofloxacinhydrate,hydroxyzinehydrochloride
levofloxacin,domperidone
levofloxacin,domperidonemaleate
levofloxacin,haloperidol
levofloxacin,haloperidoldecanoate
levofloxacin,hydroxyzinehydrochloride
levomepromazinemaleate,haloperidol
levomepromazinemaleate,haloperidoldecanoate
lincomycinhydrochloride,erythromycin
lithiumcarbonate,sumatriptansuccinate
lithiumcarbonate,chlorthalidone
lovastatin,erythromycin
lovastatin,itraconazole
lovastatin,nelfinavirmesylate
lovastatin,ritonavir
lovastatin,atazanavirsulfate
lovastatin,posaconazole
lovastatin,cobicistatsilicondioxide
lovastatin,elvitegravir
lovastatin,emtricitabine
lovastatin,tenofovirdisoproxilfumarate
lovastatin,tenofoviralafenamidefumarate
loxoprofensodiumhydrate,ketorolactromethamine
mefenamicacid,ketorolactromethamine
mefloquinehydrochloride,hydroxyzinehydrochloride
meloxicam,ketorolactromethamine
mequitazine,domperidone
mequitazine,domperidonemaleate
mercaptopurinehydrate,febuxostat
meropenem,divalproexsodium
meropenem,divalproexsodiumparticle
meropenem,sodiumvalproate
meropenem,valproatemagnesium
meropenem,valproicacid
metforminhydrochloride,iobitridol
metforminhydrochloride,iodixanol
metforminhydrochloride,iohexol
metforminhydrochloride,iomeprol
metforminhydrochloride,iopamidol
metforminhydrochloride,iopromide
metforminhydrochloride,ioversol
methotrexate,acitretin
methotrexate,aspirin
methotrexate,aspirin
methotrexate,ibuprofen
methotrexate,etoricoxib
methotrexate,ketoprofen
methotrexate,meloxicam
methotrexate,piroxicam
methotrexate,piroxicampotassium
methotrexate,piroxicamβ-cyclodextrin
methotrexate,tiaprofenicacid
methotrexate,dexketoprofentrometamol
methotrexate,dipyridamole
methylergonovinemaleate,itraconazole
methylergonovinemaleate,atazanavirsulfate
metoclopramide,domperidone
metoclopramide,domperidonemaleate
metoclopramidehydrochloride,domperidone
metoclopramidehydrochloride,domperidonemaleate
metronidazole,mizolastine
microemulsioncyclosporine,atorvastatincalcium
microemulsioncyclosporine,lovastatin
microemulsioncyclosporine,simvastatin
microemulsioncyclosporine,rosuvastatincalcium
microemulsioncyclosporine,pitavastatincalcium
microemulsioncyclosporine,atorvastatinstrontiumpentahydrate
microemulsioncyclosporine,dabigatranetexilatemesylate
microemulsioncyclosporine,asunaprevir
microemulsioncyclosporine,elbasvir
microemulsioncyclosporine,grazoprevir
midazolam,efavirenz
minocyclinehydrochloride,acitretin
minocyclinehydrochloride,isotretinoin
moclobemide,amitriptylinehydrochloride
moclobemide,apraclonidinehydrochloride
moclobemide,brimonidinetartrate
moclobemide,buspironehydrochloride
moclobemide,carbamazepine
moclobemide,clomipraminehydrochloride
moclobemide,doxepinhydrochloride
moclobemide,ephedrinehydrochloride
moclobemide,fluoxetinehydrochloride
moclobemide,fluvoxaminemaleate
moclobemide,imipraminehydrochloride
moclobemide,levomepromazinemaleate
moclobemide,methylphenidatehydrochloride
moclobemide,mirtazapine
moclobemide,pseudoephedrinehydrochloride
moclobemide,sertralinehydrochloride
moclobemide,zolmitriptan
moclobemide,citalopramhydrobromide
moclobemide,atomoxetinehydrochloride
moclobemide,duloxetinehydrochloride
moclobemide,rasagilinemesylate
moclobemide,desvenlafaxinesuccinatemonohydrate
moclobemide,tapentadolhydrochloride
moclobemide,tapentadolhydrochloride
moclobemide,vortioxetinehydrobromide
moclobemide,desvenlafaxinebenzoate
moclobemide,desvenlafaxine
morphinehydrochloride,buprenorphine
morphinehydrochloride,moclobemide
morphinehydrochloride,selegilinehydrochloride
morphinesulfate,buprenorphine
morphinesulfate,moclobemide
morphinesulfate,selegilinehydrochloride
nabumetone,ketorolactromethamine
naproxen,ketorolactromethamine
naproxensodium,ketorolactromethamine
nelfinavirmesylate,domperidone
nelfinavirmesylate,domperidonemaleate
nelfinavirmesylate,St.John'sWort50%ethanolext.
nelfinavirmesylate,St.John'sWort80%methanolext.
nelfinavirmesylate,lansoprazole
nelfinavirmesylate,lansoprazolegranule
nelfinavirmesylate,methylergonovinemaleate
nelfinavirmesylate,omeprazolegranule
nelfinavirmesylate,omeprazole
nelfinavirmesylate,pantoprazolesodium
nelfinavirmesylate,pimozide
nelfinavirmesylate,simvastatin
nelfinavirmesylate,caffeineanhydrous
nelfinavirmesylate,ergotaminetartrate
nelfinavirmesylate,esomeprazolmagnesium
nelfinavirmesylate,esomeprazolemagnesium
nelfinavirmesylate,esomeprazolesodium
nelfinavirmesylate,ezetimibe
nelfinavirmesylate,esomeprazolstrontiumtetrahydrate
nelfinavirmesylate,esomeprazole
nelfinavirmesylate,blonanserin
nelfinavirmesylate,S-pantoprazolesodiumtrihydrate
nelfinavirmesylate,ivabradinehydrochloride
nelfinavirmesylate,tolvaptanSDpowder
nelfinavirmesylate,tolvaptan
nelfinavirmesylate,trastuzumabemtansine
nelfinavirmesylate,asunaprevir
nelfinavirmesylate,palbociclib
nelfinavirmesylate,pantoprazolehemimagnesiummonohydrate
nevirapine,St.John'sWort50%ethanolext.
nevirapine,St.John'sWort80%methanolext.
nevirapine,asunaprevir
nifedipine,rifampicin
nimesulide,ketorolactromethamine
dilutednitroglycerin,sildenafilcitrate
dilutednitroglycerinsolution,sildenafilcitrate
norepinephrinebitartrate,clenbuterolhydrochloride
norepinephrinebitartrate,ephedrinehydrochloride
norepinephrinebitartrate,fenoterolhydrobromide
norepinephrinebitartrate,formoterolfumaratehydrate
norepinephrinebitartrate,procaterolhydrochloride
norepinephrinebitartrate,salbutamolsulfate
norepinephrinebitartrate,tulobuterolhydrochloride
norepinephrinebitartrate,tulobuterol
nortryptilinehydrochloride,amiodaronehydrochloride
nortryptilinehydrochloride,moclobemide
nortryptilinehydrochloride,pimozide
nortryptilinehydrochloride,dronedarone
omeprazolegranule,rilpivirinehydrochloride
omeprazole,rilpivirinehydrochloride
ondansetronhydrochloridedihydrate,domperidone
ondansetronhydrochloridedihydrate,domperidonemaleate
oxatomide,domperidone
oxatomide,domperidonemaleate
oxcarbazepine,rilpivirinehydrochloride
oxcarbazepine,asunaprevir
oxcarbazepine,daclatasvirhydrochloride
oxcarbazepine,sofosbuvir
oxcarbazepine,ledipasvir
oxytetracyclinehydrochloride,acitretin
oxytetracyclinehydrochloride,isotretinoin
oxytetracyclinehydrochloride,tretinoin
pantoprazolesodium,rilpivirinehydrochloride
paroxetinehydrochloride,moclobemide
paroxetinehydrochloride,pimozide
pentamidineisethionate,amiodaronehydrochloride
pentamidineisethionate,domperidone
pentamidineisethionate,domperidonemaleate
pentamidineisethionate,haloperidol
pentamidineisethionate,haloperidoldecanoate
pentamidineisethionate,hydroxyzinehydrochloride
pentoxifylline,ketorolactromethamine
perphenazine,amantadinesulfate
perphenazine,haloperidol
perphenazine,haloperidoldecanoate
pethidinehydrochloride,moclobemide
pethidinehydrochloride,rasagilinemesylate
phenobarbital,voriconazole
phenobarbital,etravirine
phenobarbital,rilpivirinehydrochloride
phenobarbital,cobicistatsilicondioxide
phenobarbital,elvitegravir
phenobarbital,emtricitabine
phenobarbital,tenofovirdisoproxilfumarate
phenobarbital,asunaprevir
phenobarbital,daclatasvirhydrochloride
phenobarbital,sofosbuvir
phenobarbital,ledipasvir
phenobarbital,tenofoviralafenamidefumarate
phenobarbitalsodium,voriconazole
phenobarbitalsodium,etravirine
phenobarbitalsodium,rilpivirinehydrochloride
phenobarbitalsodium,cobicistatsilicondioxide
phenobarbitalsodium,elvitegravir
phenobarbitalsodium,emtricitabine
phenobarbitalsodium,tenofovirdisoproxilfumarate
phenobarbitalsodium,asunaprevir
phenobarbitalsodium,daclatasvirhydrochloride
phenobarbitalsodium,sofosbuvir
phenobarbitalsodium,ledipasvir
phenobarbitalsodium,tenofoviralafenamidefumarate
pimozide,amantadinesulfate
pimozide,amiodaronehydrochloride
pimozide,clarithromycin
pimozide,domperidone
pimozide,domperidonemaleate
pimozide,erythromycin
pimozide,haloperidol
pimozide,haloperidoldecanoate
pimozide,itraconazole
pimozide,roxithromycin
pimozide,sertralinehydrochloride
pimozide,citalopramhydrobromide
pimozide,atazanavirsulfate
pimozide,ziprasidonehydrochloridemonohydrate
pimozide,fosaprepitantdimeglumine
piroxicam,ketorolactromethamine
piroxicampotassium,ketorolactromethamine
piroxicamβ-cyclodextrin,ketorolactromethamine
pranoprofen,ketorolactromethamine
primidone,asunaprevir
primidone,daclatasvirhydrochloride
primidone,sofosbuvir
primidone,ledipasvir
propafenonehydrochloride,asunaprevir
rabeprazolesodium,rilpivirinehydrochloride
rifampicin,nelfinavirmesylate
rifampicin,etravirine
rifampicin,dabigatranetexilatemesylate
rifampicin,rilpivirinehydrochloride
rifampicin,cobicistatsilicondioxide
rifampicin,elvitegravir
rifampicin,emtricitabine
rifampicin,tenofovirdisoproxilfumarate
rifampicin,asunaprevir
rifampicin,daclatasvirhydrochloride
rifampicin,sofosbuvir
rifampicin,ledipasvir
rifampicin,palbociclib
rifampicin,tenofoviralafenamidefumarate
rifampicin,elbasvir
rifampicin,grazoprevir
risperidoneextendedreleasemicrospheres,domperidone
risperidoneextendedreleasemicrospheres,domperidonemaleate
ritonavir,amiodaronehydrochloride
ritonavir,domperidone
ritonavir,domperidonemaleate
ritonavir,St.John'sWort50%ethanolext.
ritonavir,St.John'sWort80%methanolext.
ritonavir,methylergonovinemaleate
ritonavir,pimozide
ritonavir,simvastatin
ritonavir,caffeineanhydrous
ritonavir,ergotaminetartrate
ritonavir,ezetimibe
ritonavir,silodosin
ritonavir,rivaroxaban
ritonavir,ivabradinehydrochloride
ritonavir,sildenafilcitrate
ritonavir,ticagrelor
ritonavir,tolvaptanSDpowder
ritonavir,tolvaptan
ritonavir,trastuzumabemtansine
ritonavir,fenofibrate
ritonavir,asunaprevir
ritonavir,palbociclib
roxithromycin,caffeineanhydrous
roxithromycin,ergotaminetartrate
roxithromycin,mizolastine
selegilinehydrochloride,amitriptylinehydrochloride
selegilinehydrochloride,amoxapine
selegilinehydrochloride,apraclonidinehydrochloride
selegilinehydrochloride,brimonidinetartrate
selegilinehydrochloride,buspironehydrochloride
selegilinehydrochloride,carbamazepine
selegilinehydrochloride,clomipraminehydrochloride
selegilinehydrochloride,doxepinhydrochloride
selegilinehydrochloride,ephedrinehydrochloride
selegilinehydrochloride,fluvoxaminemaleate
selegilinehydrochloride,imipraminehydrochloride
selegilinehydrochloride,levomepromazinemaleate
selegilinehydrochloride,methylphenidatehydrochloride
selegilinehydrochloride,mirtazapine
selegilinehydrochloride,moclobemide
selegilinehydrochloride,nortryptilinehydrochloride
selegilinehydrochloride,paroxetinehydrochloride
selegilinehydrochloride,pethidinehydrochloride
selegilinehydrochloride,pseudoephedrinehydrochloride
selegilinehydrochloride,sertralinehydrochloride
selegilinehydrochloride,atomoxetinehydrochloride
selegilinehydrochloride,duloxetinehydrochloride
selegilinehydrochloride,rasagilinemesylate
selegilinehydrochloride,desvenlafaxinesuccinatemonohydrate
selegilinehydrochloride,tapentadolhydrochloride
selegilinehydrochloride,tapentadolhydrochloride
selegilinehydrochloride,vortioxetinehydrobromide
selegilinehydrochloride,desvenlafaxinebenzoate
selegilinehydrochloride,desvenlafaxine
sertralinehydrochloride,moclobemide
sertralinehydrochloride,pimozide
sertralinehydrochloride,selegilinehydrochloride
simvastatin,itraconazole
simvastatin,atazanavirsulfate
simvastatin,posaconazole
simvastatin,cobicistatsilicondioxide
simvastatin,elvitegravir
simvastatin,emtricitabine
simvastatin,tenofovirdisoproxilfumarate
simvastatin,tenofoviralafenamidefumarate
sodiumfusidate,simvastatin
sodiumfusidate,ezetimibe
sodiumfusidate,fenofibrate
sodiumnitroprusside,sildenafilcitrate
sodiumvalproate,doripenemmonohydrate
sotalolhydrochloride,amiodaronehydrochloride
sotalolhydrochloride,domperidone
sotalolhydrochloride,domperidonemaleate
sotalolhydrochloride,haloperidol
sotalolhydrochloride,haloperidoldecanoate
sotalolhydrochloride,hydroxyzinehydrochloride
spironolactone,amiloridehydrochloride
spironolactone,potassiumchloride
spironolactone,tacrolimushydrate
sulindac,ketorolactromethamine
sumatriptansuccinate,methylergonovinemaleate
sumatriptansuccinate,moclobemide
sumatriptansuccinate,selegilinehydrochloride
sumatriptansuccinate,caffeineanhydrous
sumatriptansuccinate,ergotaminetartrate
sumatriptansuccinate,naratriptanhydrochloride
sumatriptansuccinate,almotriptanmaleate
tacrolimushydrate,cyclosporine
tacrolimushydrate,microemulsioncyclosporine
tacrolimushydrate,bosentanhydrate
tamoxifencitrate,anastrozole
tetracyclinehydrochloride,acitretin
tetracyclinehydrochloride,isotretinoin
tetracyclinehydrochloride,tretinoin
thrombin,hemocoagulase
thrombin,tranexamicacid
tiaprofenicacid,ketorolactromethamine
tizanidinehydrochloride,fluvoxaminemaleate
topiramate,acetazolamide
topiramate,acetazolamidesodium
toremifenecitrate,amantadinesulfate
toremifenecitrate,amiodaronehydrochloride
toremifenecitrate,domperidone
toremifenecitrate,domperidonemaleate
toremifenecitrate,haloperidol
toremifenecitrate,haloperidoldecanoate
toremifenecitrate,hydroxyzinehydrochloride
toremifenecitrate,pimozide
toremifenecitrate,ziprasidonehydrochloridemonohydrate
toremifenecitrate,dronedarone
tramadolhydrochloride,moclobemide
tramadolhydrochloride,selegilinehydrochloride
tramadolhydrochloride,rasagilinemesylate
trazodonehydrochloride,domperidone
trazodonehydrochloride,domperidonemaleate
tretinoin,isotretinoin
tretinoin,minocyclinehydrochloride
triazolam,fluconazole
triazolam,itraconazole
triazolam,cobicistatsilicondioxide
triazolam,elvitegravir
triazolam,emtricitabine
triazolam,tenofovirdisoproxilfumarate
triazolam,tenofoviralafenamidefumarate
valproatemagnesium,doripenemmonohydrate
valproicacid,doripenemmonohydrate
venlafaxinehydrochloride,domperidone
venlafaxinehydrochloride,domperidonemaleate
venlafaxinehydrochloride,moclobemide
venlafaxinehydrochloride,selegilinehydrochloride
verapamilhydrochloride,asunaprevir
zaltoprofen,ketorolactromethamine
caffeineanhydrous,azithromycin
ergotaminetartrate,azithromycin
caffeineanhydrous,azithromycinhydrate
ergotaminetartrate,azithromycinhydrate
caffeineanhydrous,efavirenz
ergotaminetartrate,efavirenz
caffeineanhydrous,ephedrinehydrochloride
ergotaminetartrate,ephedrinehydrochloride
caffeineanhydrous,fluconazole
ergotaminetartrate,fluconazole
caffeineanhydrous,dilutednitroglycerin
ergotaminetartrate,dilutednitroglycerin
caffeineanhydrous,dilutednitroglycerinsolution
ergotaminetartrate,dilutednitroglycerinsolution
caffeineanhydrous,darunavirethanolate
ergotaminetartrate,darunavirethanolate
caffeineanhydrous,almotriptanmaleate
ergotaminetartrate,almotriptanmaleate
caffeineanhydrous,posaconazole
ergotaminetartrate,posaconazole
caffeineanhydrous,cobicistatsilicondioxide
caffeineanhydrous,elvitegravir
caffeineanhydrous,emtricitabine
caffeineanhydrous,tenofovirdisoproxilfumarate
ergotaminetartrate,cobicistatsilicondioxide
ergotaminetartrate,elvitegravir
ergotaminetartrate,emtricitabine
ergotaminetartrate,tenofovirdisoproxilfumarate
caffeineanhydrous,tenofoviralafenamidefumarate
ergotaminetartrate,tenofoviralafenamidefumarate
benserazidehydrochloride,haloperidol
levodopa,haloperidol
benserazidehydrochloride,haloperidoldecanoate
levodopa,haloperidoldecanoate
carbidopahydrate,haloperidol
carbidopahydrate,haloperidoldecanoate
pseudoephedrinehydrochloride,domperidone
pseudoephedrinehydrochloride,domperidonemaleate
cilastatinsodium,divalproexsodium
imipenemhydrate,divalproexsodium
cilastatinsodium,divalproexsodiumparticle
imipenemhydrate,divalproexsodiumparticle
cilastatinsodium,sodiumvalproate
imipenemhydrate,sodiumvalproate
cilastatinsodium,valproatemagnesium
imipenemhydrate,valproatemagnesium
cilastatinsodium,valproicacid
imipenemhydrate,valproicacid
celecoxib,ketorolactromethamine
anagrelidehydrochloride,domperidone
anagrelidehydrochloride,domperidonemaleate
lornoxicam,ketorolactromethamine
mizolastine,amantadinesulfate
mizolastine,amiodaronehydrochloride
mizolastine,clarithromycin
mizolastine,domperidone
mizolastine,domperidonemaleate
mizolastine,erythromycin
mizolastine,flecainideacetate
mizolastine,itraconazole
mizolastine,pimozide
mizolastine,metronidazole
mizolastine,spiramycin
mizolastine,ziprasidonehydrochloridemonohydrate
nisoldipine,rifampicin
nafcillinsodium,asunaprevir
rifabutin,voriconazole
rifabutin,cobicistatsilicondioxide
rifabutin,elvitegravir
rifabutin,emtricitabine
rifabutin,tenofovirdisoproxilfumarate
rifabutin,asunaprevir
rifabutin,daclatasvirhydrochloride
rifabutin,sofosbuvir
rifabutin,ledipasvir
rifabutin,tenofoviralafenamidefumarate
esomeprazolmagnesium,rilpivirinehydrochloride
isoniazid,dabigatranetexilatemesylate
moxifloxacinhydrochloride,domperidone
moxifloxacinhydrochloride,domperidonemaleate
moxifloxacinhydrochloride,haloperidol
moxifloxacinhydrochloride,haloperidoldecanoate
moxifloxacinhydrochloride,hydroxyzinehydrochloride
pramipexoledihydrochloride,amisulpride
imatinibmesylate,asunaprevir
linezolid,sertralinehydrochloride
naratriptanhydrochloride,almotriptanmaleate
zolmitriptan,methylergonovinemaleate
zolmitriptan,sumatriptansuccinate
zolmitriptan,caffeineanhydrous
zolmitriptan,ergotaminetartrate
zolmitriptan,naratriptanhydrochloride
zolmitriptan,almotriptanmaleate
amisulpride,domperidone
amisulpride,domperidonemaleate
amisulpride,pentamidineisethionate
bupropionhydrochloride,selegilinehydrochloride
citalopramhydrobromide,domperidone
citalopramhydrobromide,domperidonemaleate
citalopramhydrobromide,haloperidol
citalopramhydrobromide,haloperidoldecanoate
citalopramhydrobromide,hydroxyzinehydrochloride
paricalcitol,alfacalcidol
paricalcitol,calcifediol
paricalcitol,calcitriol
modafinil,asunaprevir
modafinil,sofosbuvir
modafinil,ledipasvir
glibenclamide,ioversol
rosuvastatincalcium,ledipasvir
rosuvastatincalcium,sofosbuvir
dexketoprofentrometamol,ketorolactromethamine
voriconazole,carbamazepine
voriconazole,domperidone
voriconazole,domperidonemaleate
voriconazole,efavirenz
voriconazole,pimozide
voriconazole,rifampicin
voriconazole,caffeineanhydrous
voriconazole,ergotaminetartrate
voriconazole,rivaroxaban
voriconazole,trastuzumabemtansine
voriconazole,asunaprevir
voriconazole,palbociclib
atazanavirsulfate,domperidone
atazanavirsulfate,domperidonemaleate
atazanavirsulfate,lansoprazole
atazanavirsulfate,lansoprazolegranule
atazanavirsulfate,omeprazolegranule
atazanavirsulfate,omeprazole
atazanavirsulfate,pantoprazolesodium
atazanavirsulfate,rabeprazolesodium
atazanavirsulfate,caffeineanhydrous
atazanavirsulfate,ergotaminetartrate
atazanavirsulfate,esomeprazolmagnesium
atazanavirsulfate,esomeprazolemagnesium
atazanavirsulfate,esomeprazolesodium
atazanavirsulfate,ezetimibe
atazanavirsulfate,simvastatin
atazanavirsulfate,revaprazan
atazanavirsulfate,esomeprazolstrontiumtetrahydrate
atazanavirsulfate,ilaprazole
atazanavirsulfate,esomeprazole
atazanavirsulfate,rivaroxaban
atazanavirsulfate,S-pantoprazolesodiumtrihydrate
atazanavirsulfate,ticagrelor
atazanavirsulfate,dexlansoprazole
atazanavirsulfate,trastuzumabemtansine
atazanavirsulfate,asunaprevir
atazanavirsulfate,pantoprazolehemimagnesiummonohydrate
atazanavirsulfate,elbasvir
atazanavirsulfate,grazoprevir
esomeprazolesodium,rilpivirinehydrochloride
metoclopramidehydrochloride,domperidone
pancreatin,domperidone
metoclopramidehydrochloride,domperidonemaleate
pancreatin,domperidonemaleate
ziprasidonehydrochloridemonohydrate,domperidone
ziprasidonehydrochloridemonohydrate,domperidonemaleate
ziprasidonehydrochloridemonohydrate,haloperidol
ziprasidonehydrochloridemonohydrate,haloperidoldecanoate
cilastatinsodium,divalproexsodium
imipenemmonohydrate,divalproexsodium
sodiumchloride,divalproexsodium
cilastatinsodium,divalproexsodiumparticle
imipenemmonohydrate,divalproexsodiumparticle
sodiumchloride,divalproexsodiumparticle
cilastatinsodium,sodiumvalproate
imipenemmonohydrate,sodiumvalproate
sodiumchloride,sodiumvalproate
cilastatinsodium,valproatemagnesium
imipenemmonohydrate,valproatemagnesium
sodiumchloride,valproatemagnesium
cilastatinsodium,valproicacid
imipenemmonohydrate,valproicacid
sodiumchloride,valproicacid
sodiumalendronate,alfacalcidol
calcitriol,calcifediol
sodiumalendronate,calcifediol
calcitriol,paricalcitol
sodiumalendronate,paricalcitol
carbidopamonohydrate,haloperidol
entacapone,haloperidol
carbidopamonohydrate,haloperidoldecanoate
entacapone,haloperidoldecanoate
amlodipinebesylate,sodiumfusidate
glimepiride,ioversol
escitalopramoxalate,domperidone
escitalopramoxalate,domperidonemaleate
escitalopramoxalate,haloperidol
escitalopramoxalate,haloperidoldecanoate
escitalopramoxalate,hydroxyzinehydrochloride
escitalopramoxalate,pimozide
bosentanhydrate,glibenclamide
bosentanhydrate,asunaprevir
sirolimus,voriconazole
sirolimus,asunaprevir
lopinavir,domperidone
lopinavir,domperidonemaleate
lopinavir,St.John'sWort50%ethanolext.
lopinavir,St.John'sWort80%methanolext.
lopinavir,lovastatin
ritonavir,lovastatin
lopinavir,simvastatin
lopinavir,caffeineanhydrous
lopinavir,ergotaminetartrate
lopinavir,ezetimibe
lopinavir,blonanserin
ritonavir,blonanserin
lopinavir,sildenafilcitrate
lopinavir,trastuzumabemtansine
lopinavir,asunaprevir
lopinavir,palbociclib
lopinavir,elbasvir
lopinavir,grazoprevir
ritonavir,elbasvir
ritonavir,grazoprevir
revaprazan,rilpivirinehydrochloride
tenofovirdisoproxilfumarate,adefovirdipivoxil
gliclazide,ioversol
esomeprazolstrontiumtetrahydrate,rilpivirinehydrochloride
pioglitazonehydrochloride,ioversol
darunavirethanolate,domperidone
darunavirethanolate,domperidonemaleate
darunavirethanolate,lovastatin
darunavirethanolate,pimozide
darunavirethanolate,simvastatin
darunavirethanolate,ezetimibe
darunavirethanolate,trastuzumabemtansine
darunavirethanolate,asunaprevir
darunavirethanolate,elbasvir
darunavirethanolate,grazoprevir
pilsicainidehydrochloride,domperidone
pilsicainidehydrochloride,domperidonemaleate
pilsicainidehydrochloride,dolutegravirsodium
atorvastatinstrontiumpentahydrate,sodiumfusidate
atorvastatinstrontiumpentahydrate,posaconazole
sitagliptinphosphatehydrate,ioversol
ilaprazole,rilpivirinehydrochloride
granisetron,domperidone
granisetron,domperidonemaleate
vildagliptin,ioversol
etravirine,asunaprevir
fosphenytoinsodium,rilpivirinehydrochloride
fosphenytoinsodium,cobicistatsilicondioxide
fosphenytoinsodium,elvitegravir
fosphenytoinsodium,emtricitabine
fosphenytoinsodium,tenofovirdisoproxilfumarate
fosphenytoinsodium,asunaprevir
fosphenytoinsodium,daclatasvirhydrochloride
fosphenytoinsodium,sofosbuvir
fosphenytoinsodium,ledipasvir
fosphenytoinsodium,tenofoviralafenamidefumarate
frovatriptansuccinatemonohydrate,caffeineanhydrous
frovatriptansuccinatemonohydrate,ergotaminetartrate
frovatriptansuccinatemonohydrate,naratriptanhydrochloride
frovatriptansuccinatemonohydrate,almotriptanmaleate
esomeprazole,rilpivirinehydrochloride
blonanserin,ritonavir
blonanserin,cobicistatsilicondioxide
blonanserin,elvitegravir
blonanserin,emtricitabine
blonanserin,tenofovirdisoproxilfumarate
blonanserin,tenofoviralafenamidefumarate
metforminhydrochloride,ethylestersoftheiodisedfattyacidsofpoppyseedoil
saxagliptinhydrate,ethylestersoftheiodisedfattyacidsofpoppyseedoil
saxagliptinhydrate,iobitridol
saxagliptinhydrate,iodixanol
saxagliptinhydrate,iohexol
saxagliptinhydrate,iomeprol
saxagliptinhydrate,iopamidol
saxagliptinhydrate,iopromide
saxagliptinhydrate,ioversol
mitiglinidecalciumhydrate,ethylestersoftheiodisedfattyacidsofpoppyseedoil
mitiglinidecalciumhydrate,iobitridol
mitiglinidecalciumhydrate,iodixanol
mitiglinidecalciumhydrate,iohexol
mitiglinidecalciumhydrate,iomeprol
mitiglinidecalciumhydrate,iopamidol
mitiglinidecalciumhydrate,iopromide
mitiglinidecalciumhydrate,ioversol
S-pantoprazolesodiumtrihydrate,rilpivirinehydrochloride
ethambutolhydrochloride,dabigatranetexilatemesylate
pyrazinamide,dabigatranetexilatemesylate
linagliptin,ethylestersoftheiodisedfattyacidsofpoppyseedoil
linagliptin,iobitridol
linagliptin,iodixanol
linagliptin,iohexol
linagliptin,iomeprol
linagliptin,iopamidol
linagliptin,iopromide
linagliptin,ioversol
voglibose,ethylestersoftheiodisedfattyacidsofpoppyseedoil
voglibose,iobitridol
voglibose,iodixanol
voglibose,iohexol
voglibose,iomeprol
voglibose,iopamidol
voglibose,iopromide
voglibose,ioversol
gemigliptintartratesesquihydrate(asgemigliptin,ethylestersoftheiodisedfattyacidsofpoppyseedoil
gemigliptintartratesesquihydrate(asgemigliptin,iobitridol
gemigliptintartratesesquihydrate(asgemigliptin,iodixanol
gemigliptintartratesesquihydrate(asgemigliptin,iohexol
gemigliptintartratesesquihydrate(asgemigliptin,iomeprol
gemigliptintartratesesquihydrate(asgemigliptin,iopamidol
gemigliptintartratesesquihydrate(asgemigliptin,iopromide
gemigliptintartratesesquihydrate(asgemigliptin,ioversol
irbesartan,sodiumfusidate
nifedipine,rifampicin
pseudoephedrinehydrochloride,moclobemide
triprolidinehydrochloride,moclobemide
ivabradinehydrochloride,diltiazemhydrochloride
ivabradinehydrochloride,verapamilhydrochloride
sildenafilcitrate,isosorbidedinitrate
sildenafilcitrate,isosorbidemononitrate
sildenafilcitrate,molsidomin
sildenafilcitrate,nicorandil
sildenafilcitrate,dilutednitroglycerinsolution
sildenafilcitrate,cobicistatsilicondioxide
sildenafilcitrate,elvitegravir
sildenafilcitrate,emtricitabine
sildenafilcitrate,tenofovirdisoproxilfumarate
sildenafilcitrate,tenofoviralafenamidefumarate
nilotinibhydrochloridemonohydrate,domperidone
nilotinibhydrochloridemonohydrate,domperidonemaleate
nilotinibhydrochloridemonohydrate,asunaprevir
posaconazole,domperidone
posaconazole,domperidonemaleate
posaconazole,pimozide
posaconazole,ezetimibe
posaconazole,simvastatin
posaconazole,trastuzumabemtansine
posaconazole,fenofibrate
posaconazole,asunaprevir
posaconazole,palbociclib
Nitrousoxide,methotrexate
paliperidonepalmitate,domperidone
paliperidonepalmitate,domperidonemaleate
arsenictrioxide,domperidone
arsenictrioxide,domperidonemaleate
dronedarone,amantadinesulfate
dronedarone,amiodaronehydrochloride
dronedarone,domperidone
dronedarone,domperidonemaleate
dronedarone,haloperidol
dronedarone,haloperidoldecanoate
dronedarone,itraconazole
dronedarone,pimozide
dronedarone,ziprasidonehydrochloridemonohydrate
dronedarone,dabigatranetexilatemesylate
dronedarone,asunaprevir
emtricitabine,lamivudine
tenofovirdisoproxilfumarate,lamivudine
emtricitabine,adefovirdipivoxil
tenofovirdisoproxilfumarate,adefovirdipivoxil
emtricitabine,zidovudine
tenofovirdisoproxilfumarate,zidovudine
emtricitabine,abacavirsulfate
tenofovirdisoproxilfumarate,abacavirsulfate
fingolimodhydrochloride,domperidone
fingolimodhydrochloride,domperidonemaleate
ticagrelor,itraconazole
crizotinib,asunaprevir
radotinibhydrochloride,domperidone
radotinibhydrochloride,domperidonemaleate
rilpivirinehydrochloride,esomeprazolemagnesium
rilpivirinehydrochloride,esomeprazolmagnesium
rilpivirinehydrochloride,naproxen
rilpivirinehydrochloride,esomeprazolstrontiumtetrahydrate
rilpivirinehydrochloride,esomeprazole
rilpivirinehydrochloride,omeprazole
rilpivirinehydrochloride,sodiumbicarbonate
dexlansoprazole,rilpivirinehydrochloride
prucalopridesuccinate,domperidone
prucalopridesuccinate,domperidonemaleate
cobicistatsilicondioxide,lamivudine
elvitegravir,lamivudine
cobicistatsilicondioxide,pimozide
elvitegravir,pimozide
emtricitabine,pimozide
tenofovirdisoproxilfumarate,pimozide
cobicistatsilicondioxide,rivaroxaban
elvitegravir,rivaroxaban
emtricitabine,rivaroxaban
tenofovirdisoproxilfumarate,rivaroxaban
cobicistatsilicondioxide,zidovudine
elvitegravir,zidovudine
cobicistatsilicondioxide,abacavirsulfate
elvitegravir,abacavirsulfate
cobicistatsilicondioxide,asunaprevir
elvitegravir,asunaprevir
emtricitabine,asunaprevir
tenofovirdisoproxilfumarate,asunaprevir
vandetanib,domperidone
vandetanib,domperidonemaleate
vandetanib,haloperidol
vandetanib,haloperidoldecanoate
vandetanib,hydroxyzinehydrochloride
degarelix,domperidone
degarelix,domperidonemaleate
rasagilinemesylate,tapentadolhydrochloride
rasagilinemesylate,tapentadolhydrochloride
bedaquilinefumarate,domperidone
bedaquilinefumarate,domperidonemaleate
enzalutamide,asunaprevir
enzalutamide,daclatasvirhydrochloride
enzalutamide,palbociclib
nateglinide,ethylestersoftheiodisedfattyacidsofpoppyseedoil
nateglinide,iobitridol
nateglinide,iodixanol
nateglinide,iohexol
nateglinide,iomeprol
nateglinide,iopamidol
nateglinide,iopromide
nateglinide,ioversol
gemigliptintartratesesquihydrate,ethylestersoftheiodisedfattyacidsofpoppyseedoil
gemigliptintartratesesquihydrate,iobitridol
gemigliptintartratesesquihydrate,iodixanol
gemigliptintartratesesquihydrate,iohexol
gemigliptintartratesesquihydrate,iomeprol
gemigliptintartratesesquihydrate,iopamidol
gemigliptintartratesesquihydrate,iopromide
gemigliptintartratesesquihydrate,ioversol
atorvastatincalcium,sodiumfusidate
ezetimibe,sodiumfusidate
Ceritinib,asunaprevir
alogliptinbenzoate,ethylestersoftheiodisedfattyacidsofpoppyseedoil
alogliptinbenzoate,iobitridol
alogliptinbenzoate,iodixanol
alogliptinbenzoate,iohexol
alogliptinbenzoate,iomeprol
alogliptinbenzoate,iopamidol
alogliptinbenzoate,iopromide
alogliptinbenzoate,ioversol
dapagliflozinpropanediolhydrate,ethylestersoftheiodisedfattyacidsofpoppyseedoil
dapagliflozinpropanediolhydrate,iobitridol
dapagliflozinpropanediolhydrate,iodixanol
dapagliflozinpropanediolhydrate,iohexol
dapagliflozinpropanediolhydrate,iomeprol
dapagliflozinpropanediolhydrate,iopamidol
dapagliflozinpropanediolhydrate,iopromide
dapagliflozinpropanediolhydrate,ioversol
abacavirsulphate,St.John'sWort50%ethanolext.
lamivudine,St.John'sWort50%ethanolext.
micronizeddolutegravirsodium(asdolutegravir,St.John'sWort50%ethanolext.
abacavirsulphate,St.John'sWort80%methanolext.
lamivudine,St.John'sWort80%methanolext.
micronizeddolutegravirsodium(asdolutegravir,St.John'sWort80%methanolext.
teneligliptinhydrobromidehydrate,ethylestersoftheiodisedfattyacidsofpoppyseedoil
teneligliptinhydrobromidehydrate,iobitridol
teneligliptinhydrobromidehydrate,iodixanol
teneligliptinhydrobromidehydrate,iohexol
teneligliptinhydrobromidehydrate,iomeprol
teneligliptinhydrobromidehydrate,iopamidol
teneligliptinhydrobromidehydrate,iopromide
teneligliptinhydrobromidehydrate,ioversol
teneligliptinhydrobromidehydrate(asteneligliptin,ethylestersoftheiodisedfattyacidsofpoppyseedoil
teneligliptinhydrobromidehydrate(asteneligliptin,iobitridol
teneligliptinhydrobromidehydrate(asteneligliptin,iodixanol
teneligliptinhydrobromidehydrate(asteneligliptin,iohexol
teneligliptinhydrobromidehydrate(asteneligliptin,iomeprol
teneligliptinhydrobromidehydrate(asteneligliptin,iopamidol
teneligliptinhydrobromidehydrate(asteneligliptin,iopromide
teneligliptinhydrobromidehydrate(asteneligliptin,ioversol
teneligliptinhydrobromidehydrate,ethylestersoftheiodisedfattyacidsofpoppyseedoil
teneligliptinhydrobromidehydrate,iobitridol
teneligliptinhydrobromidehydrate,iodixanol
teneligliptinhydrobromidehydrate,iohexol
teneligliptinhydrobromidehydrate,iomeprol
teneligliptinhydrobromidehydrate,iopamidol
teneligliptinhydrobromidehydrate,iopromide
teneligliptinhydrobromidehydrate,ioversol
atazanavirsulfate,pimozide
cobicistatsilicondioxide,pimozide
cobicistatsilicondioxide,asunaprevir
anagliptin,ethylestersoftheiodisedfattyacidsofpoppyseedoil
anagliptin,iobitridol
anagliptin,iodixanol
anagliptin,iohexol
anagliptin,iomeprol
anagliptin,iopamidol
anagliptin,iopromide
anagliptin,ioversol
empagliflozin,ethylestersoftheiodisedfattyacidsofpoppyseedoil
empagliflozin,iobitridol
empagliflozin,iodixanol
empagliflozin,iohexol
empagliflozin,iomeprol
empagliflozin,iopamidol
empagliflozin,iopromide
empagliflozin,ioversol
evogliptintartrate,ethylestersoftheiodisedfattyacidsofpoppyseedoil
evogliptintartrate,iobitridol
evogliptintartrate,iodixanol
evogliptintartrate,iohexol
evogliptintartrate,iomeprol
evogliptintartrate,iopamidol
evogliptintartrate,iopromide
evogliptintartrate,ioversol
selexipag,gemfibrozil
lobeglitazonesulfate,ethylestersoftheiodisedfattyacidsofpoppyseedoil
metforminhydrochloride,ethylestersoftheiodisedfattyacidsofpoppyseedoil
lobeglitazonesulfate,iobitridol
metforminhydrochloride,iobitridol
lobeglitazonesulfate,iodixanol
metforminhydrochloride,iodixanol
lobeglitazonesulfate,iohexol
metforminhydrochloride,iohexol
lobeglitazonesulfate,iomeprol
metforminhydrochloride,iomeprol
lobeglitazonesulfate,iopamidol
metforminhydrochloride,iopamidol
lobeglitazonesulfate,iopromide
metforminhydrochloride,iopromide
lobeglitazonesulfate,ioversol
metforminhydrochloride,ioversol
tenofoviralafenamidefumarate,lamivudine
tenofoviralafenamidefumarate,pimozide
tenofoviralafenamidefumarate,rivaroxaban
tenofoviralafenamidefumarate,zidovudine
tenofoviralafenamidefumarate,abacavirsulfate
tenofoviralafenamidefumarate,asunaprevir
pantoprazolehemimagnesiummonohydrate,rilpivirinehydrochloride
tenofoviralafenamidehemifumarate,lamivudine
tenofoviralafenamidehemifumarate,adefovirdipivoxil
tenofoviralafenamidehemifumarate,zidovudine
tenofoviralafenamidehemifumarate,abacavirsulfate
dasabuvir,gemfibrozil
dabrafenibmesylate,asunaprevir
tenofovirdisoproxil,adefovirdipivoxil
tenofovirdisoproxilphosphate,adefovirdipivoxil
tenofovirdisoproxilasparate,adefovirdipivoxil
tenofovirdisoproxilorotate,adefovirdipivoxil
tenofoviralafenamidefumarate,adefovirdipivoxil
tenofovirdisoproxilhemiedisylate,adefovirdipivoxil
epinephrinebitartrate,chlorpromazinehydrochloride
epinephrinebitartrate,clenbuterolhydrochloride
epinephrinebitartrate,ephedrinehydrochloride
epinephrinebitartrate,fenoterolhydrobromide
epinephrinebitartrate,formoterolfumaratehydrate
epinephrinebitartrate,haloperidol
epinephrinebitartrate,haloperidoldecanoate
epinephrinebitartrate,isoproterenolhydrochloride
epinephrinebitartrate,olanzapine
epinephrinebitartrate,perphenazine
epinephrinebitartrate,procaterolhydrochloride
epinephrinebitartrate,risperidone
epinephrinebitartrate,risperidoneextendedreleasemicrospheres
epinephrinebitartrate,salbutamolsulfate
epinephrinebitartrate,quetiapinefumarate
epinephrinebitartrate,tulobuterolhydrochloride
epinephrinebitartrate,tulobuterol
atorvastatincalcium,ethylestersoftheiodisedfattyacidsofpoppyseedoil
atorvastatincalcium,iobitridol
atorvastatincalcium,iodixanol
atorvastatincalcium,iohexol
atorvastatincalcium,iomeprol
atorvastatincalcium,iopamidol
atorvastatincalcium,iopromide
atorvastatincalcium,ioversol
rosuvastatincalcium,ethylestersoftheiodisedfattyacidsofpoppyseedoil
rosuvastatincalcium,iobitridol
rosuvastatincalcium,iodixanol
rosuvastatincalcium,iohexol
rosuvastatincalcium,iomeprol
rosuvastatincalcium,iopamidol
rosuvastatincalcium,iopromide
rosuvastatincalcium,ioversol
moxifloxacin,domperidone
moxifloxacin,domperidonemaleate
moxifloxacin,haloperidol
moxifloxacin,haloperidoldecanoate
moxifloxacin,hydroxyzinehydrochloride
acitretin,methacyclinehydrochloride
alfuzosinhydrochloride,boceprevir
amiodaronehydrochloride,vardenafilhydrochloride
amiodaronehydrochloride,vardenafilhydrochloride
amiodaronehydrochloride,vardenafilhydrochloride
amiodaronehydrochloride,vardenafilhydrochloridehydrate
amiodaronehydrochloride,boceprevir
amitriptylinehydrochloride,oxymetazolinehydrochloride
amoxapine,oxymetazolinehydrochloride
azithromycin,dihydroergotaminemesylate
azithromycinhydrate,dihydroergotaminemesylate
bromocryptinemesylate,bromperidol
chlorpromazinehydrochloride,epinephrinetartrate
clarithromycin,dihydroergotaminemesylate
clarithromycin,avanafil
clenbuterolhydrochloride,epinephrinetartrate
clindamycinhydrochloride,erythromycinestolate
clindamycinhydrochloride,erythromycinstinoprate
clindamycinhydrochloride,erythromycin
clindamycinphosphate,erythromycinestolate
clindamycinphosphate,erythromycinstinoprate
clindamycinphosphate,erythromycin
clomipraminehydrochloride,oxymetazolinehydrochloride
doxazosinmesylate,boceprevir
doxepinhydrochloride,oxymetazolinehydrochloride
efavirenz,dihydroergotaminemesylate
ephedrinehydrochloride,epinephrinetartrate
epinephrinehydrochloride,bromperidol
epinephrinehydrochloride,zuclopenthixol
epinephrinehydrochloride,hexoprenalinesulfate
epinephrinehydrochloride,perphenazinehydrochloride
epinephrinehydrochloride,trifluoperazinehydrochloride
erythromycin,dihydroergotaminemesylate
fenoterolhydrobromide,epinephrinetartrate
formoterolfumaratehydrate,epinephrinetartrate
haloperidol,epinephrinetartrate
haloperidoldecanoate,epinephrinetartrate
imipraminehydrochloride,oxymetazolinehydrochloride
isoniazid,ketoconazole
isoproterenolhydrochloride,norepinephrinebitartrate
isoproterenolhydrochloride,epinephrinetartrate
isosorbidedinitrate,vardenafilhydrochloride
isosorbidedinitrate,vardenafilhydrochloride
isosorbidedinitrate,vardenafilhydrochloride
isosorbidedinitrate,vardenafilhydrochloridehydrate
isosorbidedinitrate,mirodenafilhydrochloride
isosorbidedinitrate,mirodenafil
isosorbidedinitrate,udenafil
isosorbidedinitrate,tadalafil
isosorbidedinitrate,avanafil
isosorbidemononitrate,vardenafilhydrochloride
isosorbidemononitrate,vardenafilhydrochloride
isosorbidemononitrate,vardenafilhydrochloride
isosorbidemononitrate,vardenafilhydrochloridehydrate
isosorbidemononitrate,mirodenafilhydrochloride
isosorbidemononitrate,mirodenafil
isosorbidemononitrate,udenafil
isosorbidemononitrate,tadalafil
isosorbidemononitrate,avanafil
isotretinoin,methacyclinehydrochloride
itraconazole,dihydroergotaminemesylate
itraconazole,avanafil
ketorolactromethamine,1%misoprostolpowder
ketorolactromethamine,diclofenacsodium
levonorgestrel,cyproteroneacetate
levonorgestrel,ethinylestradiol
lincomycinhydrochloride,erythromycinestolate
lincomycinhydrochloride,erythromycinstinoprate
lincomycinhydrochloride,erythromycin
lithiumcarbonate,metolazone
lovastatin,erythromycinestolate
lovastatin,erythromycinstinoprate
lovastatin,ketoconazole
lovastatin,erythromycin
lovastatin,boceprevir
methotrexate,aspirinlysine
methotrexate,tenoxicam
methotrexate,ibuprofenlysine
methotrexate,ibuprofensodiumdihydrate
methotrexate,ibuprofenarginine
methotrexate,ibuprofenarginine
methotrexate,ibuprofenlysine
methotrexate,piroxicampotassium
moclobemide,xylometazolinehydrochloride
moclobemide,dapoxetinehydrochloride
moclobemide,mazindol
moclobemide,diethylpropionhydrochloride
moclobemide,phendimetrazinetartrate
moclobemide,phenterminehydrochloride
moclobemide,phentermineHCl
molsidomin,vardenafilhydrochloride
molsidomin,vardenafilhydrochloride
molsidomin,vardenafilhydrochloride
molsidomin,vardenafilhydrochloridehydrate
molsidomin,mirodenafilhydrochloride
molsidomin,mirodenafil
molsidomin,udenafil
molsidomin,tadalafil
molsidomin,avanafil
nelfinavirmesylate,dihydroergotaminemesylate
nelfinavirmesylate,methylergometrinemaleate
nelfinavirmesylate,omeprazolesodium
nelfinavirmesylate,vardenafilhydrochloride
nelfinavirmesylate,vardenafilhydrochloride
nelfinavirmesylate,vardenafilhydrochloride
nelfinavirmesylate,vardenafilhydrochloridehydrate
nelfinavirmesylate,dapoxetinehydrochloride
nelfinavirmesylate,esomeprazolemagnesiumdihydrate
nelfinavirmesylate,omeprazoleentericcoatedgranule
nelfinavirmesylate,avanafil
nicardipinehydrochloride,avanafil
nicorandil,vardenafilhydrochloride
nicorandil,vardenafilhydrochloride
nicorandil,vardenafilhydrochloride
nicorandil,vardenafilhydrochloridehydrate
nicorandil,mirodenafilhydrochloride
nicorandil,mirodenafil
nicorandil,udenafil
nicorandil,tadalafil
nicorandil,avanafil
dilutednitroglycerin,vardenafilhydrochloride
dilutednitroglycerin,vardenafilhydrochloride
dilutednitroglycerin,vardenafilhydrochloride
dilutednitroglycerin,vardenafilhydrochloridehydrate
dilutednitroglycerin,mirodenafilhydrochloride
dilutednitroglycerin,mirodenafil
dilutednitroglycerin,sildenafilcitrate
dilutednitroglycerin,udenafil
dilutednitroglycerin,tadalafil
dilutednitroglycerin,avanafil
dilutednitroglycerin,sildenafil
dilutednitroglycerinsolution,vardenafilhydrochloride
dilutednitroglycerinsolution,vardenafilhydrochloride
dilutednitroglycerinsolution,vardenafilhydrochloride
dilutednitroglycerinsolution,vardenafilhydrochloridehydrate
dilutednitroglycerinsolution,mirodenafilhydrochloride
dilutednitroglycerinsolution,mirodenafil
dilutednitroglycerinsolution,sildenafilcitrate
dilutednitroglycerinsolution,udenafil
dilutednitroglycerinsolution,tadalafil
dilutednitroglycerinsolution,avanafil
dilutednitroglycerinsolution,sildenafil
norepinephrinebitartrate,hexoprenalinesulfate
nortryptilinehydrochloride,oxymetazolinehydrochloride
olanzapine,epinephrinetartrate
perphenazine,epinephrinetartrate
pimozide,erythromycinestolate
pimozide,erythromycinstinoprate
pimozide,erythromycin
pimozide,boceprevir
procaterolhydrochloride,epinephrinetartrate
propafenonehydrochloride,boceprevir
rifampicin,ketoconazole
risperidone,epinephrinetartrate
ritonavir,dihydroergotaminemesylate
ritonavir,methylergometrinemaleate
ritonavir,vardenafilhydrochloride
ritonavir,vardenafilhydrochloride
ritonavir,vardenafilhydrochloride
ritonavir,vardenafilhydrochloridehydrate
ritonavir,quazepam
ritonavir,sildenafilcitrate
ritonavir,avanafil
ritonavir,sildenafil
roxithromycin,dihydroergotaminemesylate
salbutamolsulfate,epinephrinetartrate
selegilinehydrochloride,pethidineHCl
selegilinehydrochloride,xylometazolinehydrochloride
selegilinehydrochloride,dapoxetinehydrochloride
selegilinehydrochloride,mazindol
selegilinehydrochloride,diethylpropionhydrochloride
selegilinehydrochloride,phendimetrazinetartrate
selegilinehydrochloride,phenterminehydrochloride
selegilinehydrochloride,phentermineHCl
simvastatin,boceprevir
sodiumnitroprusside,vardenafilhydrochloride
sodiumnitroprusside,vardenafilhydrochloride
sodiumnitroprusside,vardenafilhydrochloride
sodiumnitroprusside,vardenafilhydrochloridehydrate
sodiumnitroprusside,mirodenafilhydrochloride
sodiumnitroprusside,mirodenafil
sodiumnitroprusside,sildenafilcitrate
sodiumnitroprusside,udenafil
sodiumnitroprusside,tadalafil
sodiumnitroprusside,avanafil
sodiumnitroprusside,sildenafil
sotalolhydrochloride,vardenafilhydrochloride
sotalolhydrochloride,vardenafilhydrochloride
sotalolhydrochloride,vardenafilhydrochloride
sotalolhydrochloride,vardenafilhydrochloridehydrate
sumatriptansuccinate,dihydroergotaminemesylate
sumatriptansuccinate,methylergometrinemaleate
sumatriptansuccinate,dapoxetinehydrochloride
tamsulosinhydrochloride,boceprevir
terazosinhydrochloride,boceprevir
thrombin,aminocaproicacid
tretinoin,methacyclinehydrochloride
triazolam,ketoconazole
triazolam,boceprevir
warfarinsodium,iguratimod
caffeineanhydrous,dihydroergotaminemesylate
ergotaminetartrate,dihydroergotaminemesylate
caffeineanhydrous,midecamycinacetate
ergotaminetartrate,midecamycinacetate
caffeineanhydrous,nitroglycerin
ergotaminetartrate,nitroglycerin
caffeineanhydrous,dilutednitroglycerin
ergotaminetartrate,dilutednitroglycerin
caffeineanhydrous,boceprevir
ergotaminetartrate,boceprevir
mizolastine,erythromycinestolate
mizolastine,erythromycinstinoprate
mizolastine,erythromycin
quetiapinefumarate,boceprevir
quetiapinefumarate,epinephrinetartrate
zolmitriptan,dihydroergotaminemesylate
zolmitriptan,methylergometrinemaleate
tulobuterolhydrochloride,epinephrinetartrate
tulobuterol,epinephrinetartrate
voriconazole,dihydroergotaminemesylate
voriconazole,avanafil
atazanavirsulfate,omeprazolesodium
atazanavirsulfate,vardenafilhydrochloride
atazanavirsulfate,vardenafilhydrochloride
atazanavirsulfate,vardenafilhydrochloride
atazanavirsulfate,vardenafilhydrochloridehydrate
atazanavirsulfate,esomeprazolemagnesiumdihydrate
atazanavirsulfate,omeprazoleentericcoatedgranule
atazanavirsulfate,avanafil
ezetimibe,boceprevir
lopinavir,dihydroergotaminemesylate
lopinavir,vardenafilhydrochloride
lopinavir,vardenafilhydrochloride
lopinavir,vardenafilhydrochloride
lopinavir,vardenafilhydrochloridehydrate
lopinavir,sildenafilcitrate
lopinavir,avanafil
lopinavir,sildenafil
darunavirethanolate,vardenafilhydrochloride
darunavirethanolate,vardenafilhydrochloride
darunavirethanolate,vardenafilhydrochloride
darunavirethanolate,vardenafilhydrochloridehydrate
darunavirethanolate,avanafil
almotriptanmaleate,dihydroergotaminemesylate
silodosin,boceprevir
frovatriptansuccinatemonohydrate,dihydroergotaminemesylate
sildenafilcitrate,avanafil
posaconazole,dihydroergotaminemesylate
posaconazole,avanafil
dronedarone,vardenafilhydrochloride
dronedarone,vardenafilhydrochloride
dronedarone,vardenafilhydrochloride
dronedarone,vardenafilhydrochloridehydrate
naftopidil,boceprevir
abirateroneacetate,radium-223
cobicistatsilicondioxide,vardenafilhydrochloride
elvitegravir,vardenafilhydrochloride
emtricitabine,vardenafilhydrochloride
tenofovirdisoproxilfumarate,vardenafilhydrochloride
cobicistatsilicondioxide,vardenafilhydrochloride
elvitegravir,vardenafilhydrochloride
emtricitabine,vardenafilhydrochloride
tenofovirdisoproxilfumarate,vardenafilhydrochloride
cobicistatsilicondioxide,vardenafilhydrochloride
elvitegravir,vardenafilhydrochloride
emtricitabine,vardenafilhydrochloride
tenofovirdisoproxilfumarate,vardenafilhydrochloride
cobicistatsilicondioxide,vardenafilhydrochloridehydrate
elvitegravir,vardenafilhydrochloridehydrate
emtricitabine,vardenafilhydrochloridehydrate
tenofovirdisoproxilfumarate,vardenafilhydrochloridehydrate
cobicistatsilicondioxide,avanafil
elvitegravir,avanafil
emtricitabine,avanafil
tenofovirdisoproxilfumarate,avanafil
rasagilinemesylate,xylometazolinehydrochloride
fenofibrate,boceprevir
tenofoviralafenamidefumarate,vardenafilhydrochloride
tenofoviralafenamidefumarate,vardenafilhydrochloride
tenofoviralafenamidefumarate,vardenafilhydrochloride
tenofoviralafenamidefumarate,vardenafilhydrochloridehydrate
tenofoviralafenamidefumarate,avanafil
ombitasvir,drospirenone
ombitasvir,ethinylestradiol
paritaprevir,drospirenone
paritaprevir,ethinylestradiol
ritonavir,drospirenone
ritonavir,ethinylestradiol
ombitasvir,cyproteroneacetate
paritaprevir,cyproteroneacetate
ritonavir,cyproteroneacetate
ombitasvir,levonorgestrel
paritaprevir,levonorgestrel
ritonavir,levonorgestrel
ombitasvir,gestodene
paritaprevir,gestodene
ritonavir,gestodene
ombitasvir,desogestrel
paritaprevir,desogestrel
ritonavir,desogestrel
epinephrinebitartrate,bromperidol
epinephrinebitartrate,zuclopenthixol
epinephrinebitartrate,hexoprenalinesulfate
epinephrinebitartrate,perphenazinehydrochloride
epinephrinebitartrate,trifluoperazinehydrochloride
aspirinlysine,ketorolactromethamine
atropinesulfate,oxatomide
atropine,oxatomide
bromperidol,amantadinesulfate
ciprofloxacinhydrochloride,domperidone
ciprofloxacinhydrochloride,domperidonemaleate
ciprofloxacinhydrochloride,ketoprofen
ciprofloxacinhydrochloride,tizanidinehydrochloride
ciprofloxacinhydrochloride,dexketoprofentrometamol
ciprofloxacinhydrochloride,agomelatine
clonixinlysinate,ketorolactromethamine
dexamethasonesodiumphosphate,asunaprevir
dexamethasonesodiumphosphate,daclatasvirhydrochloride
dihydroergotaminemesylate,ephedrinehydrochloride
dihydroergotaminemesylate,fluconazole
dihydroergotaminemesylate,dilutednitroglycerin
dihydroergotaminemesylate,dilutednitroglycerinsolution
dihydroergotaminemesylate,atazanavirsulfate
dihydroergotaminemesylate,darunavirethanolate
dihydroergotaminemesylate,cobicistatsilicondioxide
dihydroergotaminemesylate,elvitegravir
dihydroergotaminemesylate,emtricitabine
dihydroergotaminemesylate,tenofovirdisoproxilfumarate
dihydroergotaminemesylate,tenofoviralafenamidefumarate
erythromycinestolate,domperidone
erythromycinestolate,domperidonemaleate
erythromycinestolate,fluconazole
erythromycinestolate,haloperidol
erythromycinestolate,haloperidoldecanoate
erythromycinestolate,hydroxyzinehydrochloride
erythromycinestolate,simvastatin
erythromycinestolate,triazolam
erythromycinestolate,caffeineanhydrous
erythromycinestolate,ergotaminetartrate
erythromycinestolate,ezetimibe
erythromycinestolate,ivabradinehydrochloride
erythromycinestolate,asunaprevir
erythromycinstinoprate,domperidone
erythromycinstinoprate,domperidonemaleate
erythromycinstinoprate,fluconazole
erythromycinstinoprate,haloperidol
erythromycinstinoprate,haloperidoldecanoate
erythromycinstinoprate,hydroxyzinehydrochloride
erythromycinstinoprate,simvastatin
erythromycinstinoprate,triazolam
erythromycinstinoprate,caffeineanhydrous
erythromycinstinoprate,ergotaminetartrate
erythromycinstinoprate,ezetimibe
erythromycinstinoprate,ivabradinehydrochloride
erythromycinstinoprate,asunaprevir
flufenamicacid,ketorolactromethamine
flurbiprofen,ketorolactromethamine
granisetron,domperidone
granisetron,domperidonemaleate
indomethacin,ketorolactromethamine
ketoconazole,alprazolam
ketoconazole,atorvastatincalcium
ketoconazole,domperidone
ketoconazole,domperidonemaleate
ketoconazole,simvastatin
ketoconazole,nisoldipine
ketoconazole,ezetimibe
ketoconazole,atorvastatinstrontiumpentahydrate
ketoconazole,dabigatranetexilatemesylate
ketoconazole,trastuzumabemtansine
ketoconazole,asunaprevir
ketoconazole,palbociclib
methylergometrinemaleate,itraconazole
methylergometrinemaleate,atazanavirsulfate
morphineHCl,buprenorphine
morphineHCl,moclobemide
morphineHCl,selegilinehydrochloride
nitroglycerin,sildenafilcitrate
dilutednitroglycerin,sildenafilcitrate
norepinephrinebitartrate,clenbuterolhydrochloride
norepinephrinebitartrate,ephedrinehydrochloride
norepinephrinebitartrate,fenoterolhydrobromide
norepinephrinebitartrate,formoterolfumaratehydrate
norepinephrinebitartrate,procaterolhydrochloride
norepinephrinebitartrate,salbutamolsulfate
norepinephrinebitartrate,tulobuterolhydrochloride
norepinephrinebitartrate,tulobuterol
omeprazolesodium,rilpivirinehydrochloride
ondansetronhydrochloridedihydrate,domperidone
ondansetronhydrochloridedihydrate,domperidonemaleate
oxaprozin,ketorolactromethamine
perphenazinehydrochloride,amantadinesulfate
perphenazinehydrochloride,haloperidol
perphenazinehydrochloride,haloperidoldecanoate
pethidineHCl,moclobemide
pethidineHCl,rasagilinemesylate
piroxicampotassium,ketorolactromethamine
salsalate,ketorolactromethamine
tenoxicam,ketorolactromethamine
erythromycin,domperidone
erythromycin,domperidonemaleate
erythromycin,simvastatin
erythromycin,triazolam
erythromycin,caffeineanhydrous
erythromycin,ergotaminetartrate
erythromycin,ezetimibe
erythromycin,ivabradinehydrochloride
dolasetronmesilate,amiodaronehydrochloride
dolasetronmesilate,domperidone
dolasetronmesilate,domperidonemaleate
dolasetronmesilate,haloperidol
dolasetronmesilate,haloperidoldecanoate
dolasetronmesilate,dronedarone
diflunisal,ketorolactromethamine
diflunisal,proglumetacinmaleate
metoclopramidehydrochloride,domperidone
metoclopramidehydrochloride,domperidonemaleate
sodiumchloride,divalproexsodium
sodiumchloride,divalproexsodiumparticle
sodiumchloride,sodiumvalproate
sodiumchloride,valproatemagnesium
sodiumchloride,valproicacid
vardenafilhydrochloride,itraconazole
vardenafilhydrochloride,dilutednitroglycerinsolution
vardenafilhydrochloride,sildenafilcitrate
vardenafilhydrochloride,itraconazole
vardenafilhydrochloride,dilutednitroglycerinsolution
vardenafilhydrochloride,sildenafilcitrate
vardenafilhydrochloride,itraconazole
vardenafilhydrochloride,dilutednitroglycerinsolution
vardenafilhydrochloride,sildenafilcitrate
vardenafilhydrochloridehydrate,itraconazole
vardenafilhydrochloridehydrate,dilutednitroglycerinsolution
vardenafilhydrochloridehydrate,sildenafilcitrate
dapoxetinehydrochloride,itraconazole
mirodenafilhydrochloride,dilutednitroglycerinsolution
mirodenafilhydrochloride,sildenafilcitrate
mirodenafil,dilutednitroglycerinsolution
mirodenafil,sildenafilcitrate
sildenafilcitrate,isosorbidedinitrate
sildenafilcitrate,isosorbidemononitrate
sildenafilcitrate,molsidomin
sildenafilcitrate,nicorandil
sildenafilcitrate,dilutednitroglycerinsolution
sildenafilcitrate,cobicistatsilicondioxide
sildenafilcitrate,elvitegravir
sildenafilcitrate,emtricitabine
sildenafilcitrate,tenofovirdisoproxilfumarate
sildenafilcitrate,tenofoviralafenamidefumarate
udenafil,dilutednitroglycerinsolution
udenafil,sildenafilcitrate
tadalafil,dilutednitroglycerinsolution
tadalafil,sildenafilcitrate
tadalafil,cobicistatsilicondioxide
tadalafil,elvitegravir
tadalafil,emtricitabine
tadalafil,tenofovirdisoproxilfumarate
tadalafil,tenofoviralafenamidefumarate
esomeprazolemagnesiumdihydrate,rilpivirinehydrochloride
omeprazoleentericcoatedgranule,rilpivirinehydrochloride
mitotane,asunaprevir
mitotane,daclatasvirhydrochloride
ibuprofenlysine,ketorolactromethamine
avanafil,dilutednitroglycerinsolution
sildenafil,isosorbidedinitrate
sildenafil,isosorbidemononitrate
sildenafil,molsidomin
sildenafil,nicorandil
sildenafil,dilutednitroglycerinsolution
sildenafil,cobicistatsilicondioxide
sildenafil,elvitegravir
sildenafil,emtricitabine
sildenafil,tenofovirdisoproxilfumarate
sildenafil,tenofoviralafenamidefumarate
saxagliptin,ethylestersoftheiodisedfattyacidsofpoppyseedoil
saxagliptin,iobitridol
saxagliptin,iodixanol
saxagliptin,iohexol
saxagliptin,iomeprol
saxagliptin,iopamidol
saxagliptin,iopromide
saxagliptin,ioversol
MicronizedRiociguat,dilutednitroglycerin
MicronizedRiociguat,dilutednitroglycerinsolution
MicronizedRiociguat,sildenafilcitrate
boceprevir,domperidone
boceprevir,domperidonemaleate
boceprevir,tamsulosinhydrochloride
boceprevir,trastuzumabemtansine
boceprevir,asunaprevir
carbidopahydrate,haloperidol
carbidopahydrate,haloperidoldecanoate
liposomalirinotecanhydrochloride,itraconazole
liposomalirinotecanhydrochloride,atazanavirsulfate
ertugliflozinL-pyroglutamicacid,ethylestersoftheiodisedfattyacidsofpoppyseedoil
ertugliflozinL-pyroglutamicacid,iobitridol
ertugliflozinL-pyroglutamicacid,iodixanol
ertugliflozinL-pyroglutamicacid,iohexol
ertugliflozinL-pyroglutamicacid,iomeprol
ertugliflozinL-pyroglutamicacid,iopamidol
ertugliflozinL-pyroglutamicacid,iopromide
ertugliflozinL-pyroglutamicacid,ioversol
ibuprofensodiumdihydrate,ketorolactromethamine
ibuprofenarginine,ketorolactromethamine
ibuprofenarginine,ketorolactromethamine
ibuprofenlysine,ketorolactromethamine
triprolidinehydrochloride,moclobemide
bromperidol,epinephrinetartrate
zuclopenthixol,epinephrinetartrate
dihydroergotaminemesylate,midecamycinacetate
dihydroergotaminemesylate,nitroglycerin
dihydroergotaminemesylate,dilutednitroglycerin
dihydroergotaminemesylate,boceprevir
erythromycinestolate,dihydroergotaminemesylate
erythromycinstinoprate,dihydroergotaminemesylate
hexoprenalinesulfate,epinephrinetartrate
indomethacin,diflunisal
medroxyprogesteroneacetate,cyproteroneacetate
medroxyprogesteroneacetate,ethinylestradiol
nitroglycerin,vardenafilhydrochloride
nitroglycerin,vardenafilhydrochloride
nitroglycerin,vardenafilhydrochloride
nitroglycerin,vardenafilhydrochloridehydrate
nitroglycerin,mirodenafilhydrochloride
nitroglycerin,mirodenafil
nitroglycerin,sildenafilcitrate
nitroglycerin,udenafil
nitroglycerin,tadalafil
nitroglycerin,avanafil
nitroglycerin,sildenafil
dilutednitroglycerin,vardenafilhydrochloride
dilutednitroglycerin,vardenafilhydrochloride
dilutednitroglycerin,vardenafilhydrochloride
dilutednitroglycerin,vardenafilhydrochloridehydrate
dilutednitroglycerin,mirodenafilhydrochloride
dilutednitroglycerin,mirodenafil
dilutednitroglycerin,sildenafilcitrate
dilutednitroglycerin,udenafil
dilutednitroglycerin,tadalafil
dilutednitroglycerin,avanafil
dilutednitroglycerin,sildenafil
norepinephrinebitartrate,hexoprenalinesulfate
perphenazinehydrochloride,epinephrinetartrate
trifluoperazinehydrochloride,epinephrinetartrate
erythromycin,dihydroergotaminemesylate
vardenafilhydrochloride,mirodenafilhydrochloride
vardenafilhydrochloride,mirodenafil
vardenafilhydrochloride,sildenafilcitrate
vardenafilhydrochloride,avanafil
vardenafilhydrochloride,sildenafil
vardenafilhydrochloride,mirodenafilhydrochloride
vardenafilhydrochloride,mirodenafil
vardenafilhydrochloride,sildenafilcitrate
vardenafilhydrochloride,avanafil
vardenafilhydrochloride,sildenafil
vardenafilhydrochloride,mirodenafilhydrochloride
vardenafilhydrochloride,mirodenafil
vardenafilhydrochloride,sildenafilcitrate
vardenafilhydrochloride,avanafil
vardenafilhydrochloride,sildenafil
vardenafilhydrochloridehydrate,mirodenafilhydrochloride
vardenafilhydrochloridehydrate,mirodenafil
vardenafilhydrochloridehydrate,sildenafilcitrate
vardenafilhydrochloridehydrate,avanafil
vardenafilhydrochloridehydrate,sildenafil
mazindol,diethylpropionhydrochloride
mazindol,phendimetrazinetartrate
mazindol,phenterminehydrochloride
mazindol,phentermineHCl
mazindol,sibutramine
mazindol,sibutraminemaleate
mazindol,sibutraminemesylate
mazindol,sibutraminemalate
mazindol,sibutraminesulfate
mazindol,lorcaserinhydrochloridehydrate
mazindol,bupropionhydrochloride
mazindol,naltrexonehydrochloride
diethylpropionhydrochloride,sibutramine
diethylpropionhydrochloride,sibutraminemaleate
diethylpropionhydrochloride,sibutraminemesylate
diethylpropionhydrochloride,sibutraminemalate
diethylpropionhydrochloride,sibutraminesulfate
diethylpropionhydrochloride,lorcaserinhydrochloridehydrate
diethylpropionhydrochloride,bupropionhydrochloride
diethylpropionhydrochloride,naltrexonehydrochloride
mirodenafilhydrochloride,sildenafilcitrate
mirodenafilhydrochloride,avanafil
mirodenafilhydrochloride,sildenafil
mirodenafil,sildenafilcitrate
mirodenafil,avanafil
mirodenafil,sildenafil
phendimetrazinetartrate,diethylpropionhydrochloride
phendimetrazinetartrate,sibutramine
phendimetrazinetartrate,sibutraminemaleate
phendimetrazinetartrate,sibutraminemesylate
phendimetrazinetartrate,sibutraminemalate
phendimetrazinetartrate,sibutraminesulfate
phendimetrazinetartrate,lorcaserinhydrochloridehydrate
phendimetrazinetartrate,bupropionhydrochloride
phendimetrazinetartrate,naltrexonehydrochloride
phenterminehydrochloride,diethylpropionhydrochloride
phenterminehydrochloride,phendimetrazinetartrate
phenterminehydrochloride,sibutramine
phenterminehydrochloride,sibutraminemaleate
phenterminehydrochloride,sibutraminemesylate
phenterminehydrochloride,sibutraminemalate
phenterminehydrochloride,sibutraminesulfate
phenterminehydrochloride,lorcaserinhydrochloridehydrate
phenterminehydrochloride,bupropionhydrochloride
phenterminehydrochloride,naltrexonehydrochloride
phentermineHCl,diethylpropionhydrochloride
phentermineHCl,phendimetrazinetartrate
phentermineHCl,sibutramine
phentermineHCl,sibutraminemaleate
phentermineHCl,sibutraminemesylate
phentermineHCl,sibutraminemalate
phentermineHCl,sibutraminesulfate
phentermineHCl,lorcaserinhydrochloridehydrate
phentermineHCl,bupropionhydrochloride
phentermineHCl,naltrexonehydrochloride
sildenafilcitrate,avanafil
udenafil,vardenafilhydrochloride
udenafil,vardenafilhydrochloride
udenafil,vardenafilhydrochloride
udenafil,vardenafilhydrochloridehydrate
udenafil,mirodenafilhydrochloride
udenafil,mirodenafil
udenafil,sildenafilcitrate
udenafil,avanafil
udenafil,sildenafil
ethinylestradiol,cyproteroneacetate
ethinylestradiol,ethinylestradiol
etonogestrel,cyproteroneacetate
etonogestrel,ethinylestradiol
drospirenone,cyproteroneacetate
drospirenone,ethinylestradiol
tadalafil,vardenafilhydrochloride
tadalafil,vardenafilhydrochloride
tadalafil,vardenafilhydrochloride
tadalafil,vardenafilhydrochloridehydrate
tadalafil,mirodenafilhydrochloride
tadalafil,mirodenafil
tadalafil,sildenafilcitrate
tadalafil,udenafil
tadalafil,avanafil
tadalafil,sildenafil
sildenafil,avanafil
MicronizedRiociguat,nitroglycerin
MicronizedRiociguat,dilutednitroglycerin
MicronizedRiociguat,vardenafilhydrochloride
MicronizedRiociguat,vardenafilhydrochloride
MicronizedRiociguat,vardenafilhydrochloride
MicronizedRiociguat,vardenafilhydrochloridehydrate
MicronizedRiociguat,mirodenafilhydrochloride
MicronizedRiociguat,mirodenafil
MicronizedRiociguat,sildenafilcitrate
MicronizedRiociguat,udenafil
MicronizedRiociguat,tadalafil
MicronizedRiociguat,avanafil
MicronizedRiociguat,sildenafil
lorcaserinhydrochloridehydrate,bupropionhydrochloride
lorcaserinhydrochloridehydrate,naltrexonehydrochloride
gestodene,cyproteroneacetate
gestodene,ethinylestradiol
desogestrel,cyproteroneacetate
desogestrel,ethinylestradiol
